[
{"colname":"spid", "solrname":"spid", "solrtype":"int"},
{"colname":"Catalog Number", "solrname":"catalogNumber", "solrtype":"pint", "title":"Catalog Number", "type":"java.lang.String", "width":32, "concept":"Catalog Number", "sptable":"collectionobject", "sptabletitle":"Collection Object", "spfld":"catalogNumber", "spfldtitle":"catalogNumber", "colidx":0, "linkify":"false", "advancedsearch":"true", "displaycolidx":0},
{"colname":"Alt Catalog Number", "solrname":"altCatalogNumber", "solrtype":"string", "title":"Alt Catalog Number", "type":"java.lang.String", "width":64, "concept":"Alt Catalog Number", "sptable":"collectionobject", "sptabletitle":"Collection Object", "spfld":"altCatalogNumber", "spfldtitle":"altCatalogNumber", "colidx":1, "linkify":"true", "advancedsearch":"true", "displaycolidx":1},
{"colname":"Determinations", "solrname":"determinations", "solrtype":"string", "title":"Determinations", "type":"java.lang.String", "width":500, "concept":"Determinations", "sptable":"determination", "sptabletitle":"Determination", "spfld":"determinations", "spfldtitle":"determinations", "colidx":2, "linkify":"true", "advancedsearch":"true", "displaycolidx":2},
{"colname":"Determiner", "solrname":"determiner", "solrtype":"string", "title":"Determiner", "type":"java.lang.String", "width":500, "concept":"Determiner", "sptable":"agent", "sptabletitle":"Agent", "spfld":"determiner", "spfldtitle":"determiner", "colidx":3, "linkify":"true", "advancedsearch":"true", "displaycolidx":3},
{"colname":"Author", "solrname":"author", "solrtype":"string", "title":"Author", "type":"java.lang.String", "width":128, "concept":"Author", "sptable":"taxon", "sptabletitle":"Taxon", "spfld":"author", "spfldtitle":"author", "colidx":4, "linkify":"true", "advancedsearch":"true", "displaycolidx":4},
{"colname":"Preparations", "solrname":"preparations", "solrtype":"string", "title":"Preparations", "type":"java.lang.String", "width":500, "concept":"Preparations", "sptable":"preparation", "sptabletitle":"Preparation", "spfld":"preparations", "spfldtitle":"preparations", "colidx":5, "linkify":"true", "advancedsearch":"true", "displaycolidx":5},
{"colname":"Collectors", "solrname":"collectors", "solrtype":"string", "title":"Collectors", "type":"java.lang.String", "width":500, "concept":"Collectors", "sptable":"collector", "sptabletitle":"Collector", "spfld":"collectors", "spfldtitle":"collectors", "colidx":6, "linkify":"true", "advancedsearch":"true", "displaycolidx":6},
{"colname":"Collection Year", "solrname":"startDate", "solrtype":"pint", "title":"Collection Year", "type":"java.util.Calendar", "width":-1, "concept":"Collection Year", "sptable":"collectingevent", "sptabletitle":"Collecting Information", "spfld":"startDate", "spfldtitle":"startDate", "colidx":7, "linkify":"false", "advancedsearch":"true", "displaycolidx":7},
{"colname":"Collection Month", "solrname":"ce_startDate", "solrtype":"pint", "title":"Collection Month", "type":"java.util.Calendar", "width":-1, "concept":"Collection Month", "sptable":"collectingevent", "sptabletitle":"Collecting Information", "spfld":"startDate", "spfldtitle":"startDate", "colidx":8, "linkify":"false", "advancedsearch":"true", "displaycolidx":8},
{"colname":"Collection Day", "solrname":"ce_startDate1", "solrtype":"pint", "title":"Collection Day", "type":"java.util.Calendar", "width":-1, "concept":"Collection Day", "sptable":"collectingevent", "sptabletitle":"Collecting Information", "spfld":"startDate", "spfldtitle":"startDate", "colidx":9, "linkify":"false", "advancedsearch":"true", "displaycolidx":9},
{"colname":"Collection Date", "solrname":"ce_startDate2", "solrtype":"string", "title":"Collection Date", "type":"java.util.Calendar", "width":-1, "concept":"Collection Date", "sptable":"collectingevent", "sptabletitle":"Collecting Information", "spfld":"startDate", "spfldtitle":"startDate", "colidx":10, "linkify":"false", "advancedsearch":"true", "displaycolidx":10},
{"colname":"Phylum", "solrname":"Phylum", "solrtype":"string", "title":"Phylum", "type":"java.lang.String", "width":64, "concept":"Phylum", "sptable":"taxon", "sptabletitle":"Taxon", "spfld":"Phylum", "spfldtitle":"Phylum", "treeid":"taxon", "treerank":30, "colidx":11, "linkify":"true", "advancedsearch":"true", "displaycolidx":11},
{"colname":"Class", "solrname":"Class", "solrtype":"string", "title":"Class", "type":"java.lang.String", "width":64, "concept":"Class", "sptable":"taxon", "sptabletitle":"Taxon", "spfld":"Class", "spfldtitle":"Class", "treeid":"taxon", "treerank":60, "colidx":12, "linkify":"true", "advancedsearch":"true", "displaycolidx":12},
{"colname":"Order", "solrname":"Order", "solrtype":"string", "title":"Order", "type":"java.lang.String", "width":64, "concept":"Order", "sptable":"taxon", "sptabletitle":"Taxon", "spfld":"Order", "spfldtitle":"Order", "treeid":"taxon", "treerank":100, "colidx":13, "linkify":"true", "advancedsearch":"true", "displaycolidx":13},
{"colname":"Family", "solrname":"Family", "solrtype":"string", "title":"Family", "type":"java.lang.String", "width":64, "concept":"Family", "sptable":"taxon", "sptabletitle":"Taxon", "spfld":"Family", "spfldtitle":"Family", "treeid":"taxon", "treerank":140, "colidx":14, "linkify":"true", "advancedsearch":"true", "displaycolidx":14},
{"colname":"Genus", "solrname":"Genus", "solrtype":"string", "title":"Genus", "type":"java.lang.String", "width":64, "concept":"Genus", "sptable":"taxon", "sptabletitle":"Taxon", "spfld":"Genus", "spfldtitle":"Genus", "treeid":"taxon", "treerank":180, "colidx":15, "linkify":"true", "advancedsearch":"true", "displaycolidx":15},
{"colname":"Species", "solrname":"Species", "solrtype":"string", "title":"Species", "type":"java.lang.String", "width":64, "concept":"Species", "sptable":"taxon", "sptabletitle":"Taxon", "spfld":"Species", "spfldtitle":"Species", "treeid":"taxon", "treerank":220, "colidx":16, "linkify":"true", "advancedsearch":"true", "displaycolidx":16},
{"colname":"Country", "solrname":"Country", "solrtype":"string", "title":"Country", "type":"java.lang.String", "width":128, "concept":"Country", "sptable":"geography", "sptabletitle":"Geography", "spfld":"Country", "spfldtitle":"Country", "treeid":"geography", "treerank":200, "colidx":17, "linkify":"true", "advancedsearch":"true", "displaycolidx":17},
{"colname":"State", "solrname":"State", "solrtype":"string", "title":"State", "type":"java.lang.String", "width":128, "concept":"State", "sptable":"geography", "sptabletitle":"Geography", "spfld":"State", "spfldtitle":"State", "treeid":"geography", "treerank":300, "colidx":18, "linkify":"true", "advancedsearch":"true", "displaycolidx":18},
{"colname":"Locality", "solrname":"localityName", "solrtype":"string", "title":"Locality", "type":"java.lang.String", "width":255, "concept":"Locality", "sptable":"locality", "sptabletitle":"Locality", "spfld":"localityName", "spfldtitle":"localityName", "colidx":19, "linkify":"true", "advancedsearch":"true", "displaycolidx":19},
{"colname":"Latitude", "solrname":"latitude1", "solrtype":"pdouble", "title":"Latitude", "type":"java.math.BigDecimal", "width":-1, "concept":"Latitude", "sptable":"locality", "sptabletitle":"Locality", "spfld":"latitude1", "spfldtitle":"latitude1", "colidx":20, "linkify":"false", "advancedsearch":"true", "displaycolidx":20},
{"colname":"Longitude", "solrname":"longitude1", "solrtype":"pdouble", "title":"Longitude", "type":"java.math.BigDecimal", "width":-1, "concept":"Longitude", "sptable":"locality", "sptabletitle":"Locality", "spfld":"longitude1", "spfldtitle":"longitude1", "colidx":21, "linkify":"false", "advancedsearch":"true", "displaycolidx":21},
{"colname":"Field Number", "solrname":"stationFieldNumber", "solrtype":"string", "title":"Field Number", "type":"java.lang.String", "width":50, "concept":"Field Number", "sptable":"collectingevent", "sptabletitle":"Collecting Information", "spfld":"stationFieldNumber", "spfldtitle":"stationFieldNumber", "colidx":22, "linkify":"true", "advancedsearch":"true", "displaycolidx":22},
{"colname":"Depth", "solrname":"text5", "solrtype":"string", "title":"Depth", "type":"java.lang.String", "width":50, "concept":"Depth", "sptable":"collectionobjectattribute", "sptabletitle":"Collection Object Attribute", "spfld":"text5", "spfldtitle":"text5", "colidx":23, "linkify":"true", "advancedsearch":"true", "displaycolidx":23},
{"colname":"Reef zone", "solrname":"text6", "solrtype":"string", "title":"Reef zone", "type":"java.lang.String", "width":100, "concept":"Reef zone", "sptable":"collectionobjectattribute", "sptabletitle":"Collection Object Attribute", "spfld":"text6", "spfldtitle":"text6", "colidx":24, "linkify":"true", "advancedsearch":"true", "displaycolidx":24},
{"colname":"Habitat", "solrname":"text7", "solrtype":"string", "title":"Habitat", "type":"java.lang.String", "width":100, "concept":"Habitat", "sptable":"collectionobjectattribute", "sptabletitle":"Collection Object Attribute", "spfld":"text7", "spfldtitle":"text7", "colidx":25, "linkify":"true", "advancedsearch":"true", "displaycolidx":25},
{"colname":"Continent", "solrname":"Continent", "solrtype":"string", "title":"Continent", "type":"java.lang.String", "width":128, "concept":"Continent", "sptable":"geography", "sptabletitle":"Geography", "spfld":"Continent", "spfldtitle":"Continent", "treeid":"geography", "treerank":100, "colidx":26, "linkify":"true", "advancedsearch":"true", "displaycolidx":26},
{"colname":"Determined Date", "solrname":"determinedDate", "solrtype":"string", "title":"Determined Date", "type":"java.util.Calendar", "width":-1, "concept":"Determined Date", "sptable":"determination", "sptabletitle":"Determination", "spfld":"determinedDate", "spfldtitle":"determinedDate", "colidx":27, "linkify":"false", "advancedsearch":"true", "displaycolidx":27},
{"colname":"img", "solrname":"img", "solrtype":"string", "title":"image"}
]
