[
{"colname":"spid", "solrname":"spid", "solrtype":"int"},
{"colname":"Catalog Number", "solrname":"catalogNumber", "solrtype":"pint", "title":"Catalog Number", "type":"java.lang.String", "width":32, "concept":"Catalog Number", "sptable":"collectionobject", "sptabletitle":"Collection Object", "spfld":"catalogNumber", "spfldtitle":"catalogNumber", "colidx":0, "linkify":"false", "advancedsearch":"true", "displaycolidx":0},
{"colname":"Alt Cat Number", "solrname":"altCatalogNumber", "solrtype":"string", "title":"Alt Cat Number", "type":"java.lang.String", "width":64, "concept":"Alt Cat Number", "sptable":"collectionobject", "sptabletitle":"Collection Object", "spfld":"altCatalogNumber", "spfldtitle":"altCatalogNumber", "colidx":1, "linkify":"true", "advancedsearch":"true", "displaycolidx":1},
{"colname":"Preparations", "solrname":"preparations", "solrtype":"string", "title":"Preparations", "type":"java.lang.String", "width":500, "concept":"Preparations", "sptable":"preparation", "sptabletitle":"Preparation", "spfld":"preparations", "spfldtitle":"preparations", "colidx":2, "linkify":"true", "advancedsearch":"true", "displaycolidx":2},
{"colname":"Kingdom", "solrname":"Kingdom", "solrtype":"string", "title":"Kingdom", "type":"java.lang.String", "width":64, "concept":"Kingdom", "sptable":"taxon", "sptabletitle":"Taxon", "spfld":"Kingdom", "spfldtitle":"Kingdom", "treeid":"taxon", "treerank":10, "colidx":3, "linkify":"true", "advancedsearch":"true", "displaycolidx":3},
{"colname":"Phylum", "solrname":"Phylum", "solrtype":"string", "title":"Phylum", "type":"java.lang.String", "width":64, "concept":"Phylum", "sptable":"taxon", "sptabletitle":"Taxon", "spfld":"Phylum", "spfldtitle":"Phylum", "treeid":"taxon", "treerank":30, "colidx":4, "linkify":"true", "advancedsearch":"true", "displaycolidx":4},
{"colname":"Class", "solrname":"Class", "solrtype":"string", "title":"Class", "type":"java.lang.String", "width":64, "concept":"Class", "sptable":"taxon", "sptabletitle":"Taxon", "spfld":"Class", "spfldtitle":"Class", "treeid":"taxon", "treerank":60, "colidx":5, "linkify":"true", "advancedsearch":"true", "displaycolidx":5},
{"colname":"Order", "solrname":"Order", "solrtype":"string", "title":"Order", "type":"java.lang.String", "width":64, "concept":"Order", "sptable":"taxon", "sptabletitle":"Taxon", "spfld":"Order", "spfldtitle":"Order", "treeid":"taxon", "treerank":100, "colidx":6, "linkify":"true", "advancedsearch":"true", "displaycolidx":6},
{"colname":"Family", "solrname":"Family", "solrtype":"string", "title":"Family", "type":"java.lang.String", "width":64, "concept":"Family", "sptable":"taxon", "sptabletitle":"Taxon", "spfld":"Family", "spfldtitle":"Family", "treeid":"taxon", "treerank":140, "colidx":7, "linkify":"true", "advancedsearch":"true", "displaycolidx":7},
{"colname":"Genus", "solrname":"Genus", "solrtype":"string", "title":"Genus", "type":"java.lang.String", "width":64, "concept":"Genus", "sptable":"taxon", "sptabletitle":"Taxon", "spfld":"Genus", "spfldtitle":"Genus", "treeid":"taxon", "treerank":180, "colidx":8, "linkify":"true", "advancedsearch":"true", "displaycolidx":8},
{"colname":"Species", "solrname":"Species", "solrtype":"string", "title":"Species", "type":"java.lang.String", "width":64, "concept":"Species", "sptable":"taxon", "sptabletitle":"Taxon", "spfld":"Species", "spfldtitle":"Species", "treeid":"taxon", "treerank":220, "colidx":9, "linkify":"true", "advancedsearch":"true", "displaycolidx":9},
{"colname":"Genus + Species", "solrname":"fullName", "solrtype":"string", "title":"Genus + Species", "type":"java.lang.String", "width":255, "concept":"Genus + Species", "sptable":"taxon", "sptabletitle":"Taxon", "spfld":"fullName", "spfldtitle":"fullName", "colidx":10, "linkify":"true", "advancedsearch":"true", "displaycolidx":10},
{"colname":"Authority + Date", "solrname":"author", "solrtype":"string", "title":"Authority + Date", "type":"java.lang.String", "width":128, "concept":"Authority + Date", "sptable":"taxon", "sptabletitle":"Taxon", "spfld":"author", "spfldtitle":"author", "colidx":11, "linkify":"true", "advancedsearch":"true", "displaycolidx":11},
{"colname":"Country", "solrname":"Country", "solrtype":"string", "title":"Country", "type":"java.lang.String", "width":128, "concept":"Country", "sptable":"geography", "sptabletitle":"Geography", "spfld":"Country", "spfldtitle":"Country", "treeid":"geography", "treerank":200, "colidx":12, "linkify":"true", "advancedsearch":"true", "displaycolidx":12},
{"colname":"State", "solrname":"State", "solrtype":"string", "title":"State", "type":"java.lang.String", "width":128, "concept":"State", "sptable":"geography", "sptabletitle":"Geography", "spfld":"State", "spfldtitle":"State", "treeid":"geography", "treerank":300, "colidx":13, "linkify":"true", "advancedsearch":"true", "displaycolidx":13},
{"colname":"County", "solrname":"County", "solrtype":"string", "title":"County", "type":"java.lang.String", "width":128, "concept":"County", "sptable":"geography", "sptabletitle":"Geography", "spfld":"County", "spfldtitle":"County", "treeid":"geography", "treerank":400, "colidx":14, "linkify":"true", "advancedsearch":"true", "displaycolidx":14},
{"colname":"Locality Name", "solrname":"localityName", "solrtype":"string", "title":"Locality Name", "type":"java.lang.String", "width":255, "concept":"Locality Name", "sptable":"locality", "sptabletitle":"Locality", "spfld":"localityName", "spfldtitle":"localityName", "colidx":15, "linkify":"true", "advancedsearch":"true", "displaycolidx":15},
{"colname":"Latitude", "solrname":"latitude1", "solrtype":"pdouble", "title":"Latitude", "type":"java.math.BigDecimal", "width":-1, "concept":"Latitude", "sptable":"locality", "sptabletitle":"Locality", "spfld":"latitude1", "spfldtitle":"latitude1", "colidx":16, "linkify":"false", "advancedsearch":"true", "displaycolidx":16},
{"colname":"Longitude", "solrname":"longitude1", "solrtype":"pdouble", "title":"Longitude", "type":"java.math.BigDecimal", "width":-1, "concept":"Longitude", "sptable":"locality", "sptabletitle":"Locality", "spfld":"longitude1", "spfldtitle":"longitude1", "colidx":17, "linkify":"false", "advancedsearch":"true", "displaycolidx":17},
{"colname":"Collectors", "solrname":"collectors", "solrtype":"string", "title":"Collectors", "type":"java.lang.String", "width":500, "concept":"Collectors", "sptable":"collector", "sptabletitle":"Collector", "spfld":"collectors", "spfldtitle":"collectors", "colidx":18, "linkify":"true", "advancedsearch":"true", "displaycolidx":18},
{"colname":"Collection Date", "solrname":"startDate", "solrtype":"string", "title":"Collection Date", "type":"java.util.Calendar", "width":-1, "concept":"Collection Date", "sptable":"collectingevent", "sptabletitle":"Collecting Information", "spfld":"startDate", "spfldtitle":"startDate", "colidx":19, "linkify":"false", "advancedsearch":"true", "displaycolidx":19},
{"colname":"img", "solrname":"img", "solrtype":"string", "title":"image"}
]
