<!-- solr field definitions for UOGML Coral Vouchers for labels 8 June 2020 web portal -->
<!-- Paste the contents of this file into the solr/conf/schema.xml file. -->
<field name="Class" type="string" indexed="true" stored="true" required="false"/>
<field name="Continent" type="string" indexed="true" stored="true" required="false"/>
<field name="Country" type="string" indexed="true" stored="true" required="false"/>
<field name="Family" type="string" indexed="true" stored="true" required="false"/>
<field name="Genus" type="string" indexed="true" stored="true" required="false"/>
<field name="Order" type="string" indexed="true" stored="true" required="false"/>
<field name="Phylum" type="string" indexed="true" stored="true" required="false"/>
<field name="Species" type="string" indexed="true" stored="true" required="false"/>
<field name="State" type="string" indexed="true" stored="true" required="false"/>
<field name="altCatalogNumber" type="string" indexed="true" stored="true" required="false"/>
<field name="author" type="string" indexed="true" stored="true" required="false"/>
<field name="catalogNumber" type="pint" indexed="true" stored="true" required="false"/>
<field name="ce_startDate" type="pint" indexed="true" stored="true" required="false"/>
<field name="ce_startDate1" type="pint" indexed="true" stored="true" required="false"/>
<field name="ce_startDate2" type="string" indexed="true" stored="true" required="false"/>
<field name="collectors" type="string" indexed="true" stored="true" required="false"/>
<field name="contents" type="text_general" indexed="true" stored="false" required="true"/>
<field name="determinations" type="string" indexed="true" stored="true" required="false"/>
<field name="determinedDate" type="string" indexed="true" stored="true" required="false"/>
<field name="determiner" type="string" indexed="true" stored="true" required="false"/>
<field name="geoc" type="string" indexed="true" stored="true" required="false"/>
<field name="img" type="string" indexed="true" stored="true" required="false"/>
<field name="latitude1" type="pdouble" indexed="true" stored="true" required="false"/>
<field name="localityName" type="string" indexed="true" stored="true" required="false"/>
<field name="longitude1" type="pdouble" indexed="true" stored="true" required="false"/>
<field name="preparations" type="string" indexed="true" stored="true" required="false"/>
<field name="spid" type="string" indexed="true" stored="true" required="true"/>
<field name="startDate" type="pint" indexed="true" stored="true" required="false"/>
<field name="stationFieldNumber" type="string" indexed="true" stored="true" required="false"/>
<field name="text5" type="string" indexed="true" stored="true" required="false"/>
<field name="text6" type="string" indexed="true" stored="true" required="false"/>
<field name="text7" type="string" indexed="true" stored="true" required="false"/>
