[
{"colname":"spid", "solrname":"spid", "solrtype":"int"},
{"colname":"Catalog Number", "solrname":"cn", "solrtype":"int", "title":"Catalog Number", "type":"java.lang.String", "width":32, "concept":"Catalog Number", "sptable":"collectionobject", "sptabletitle":"Collection Object", "spfld":"catalogNumber", "spfldtitle":"catalogNumber", "colidx":0, "advancedsearch":"true", "displaycolidx":0},
{"colname":"Alt Cat Number", "solrname":"ac", "solrtype":"string", "title":"Alt Cat Number", "type":"java.lang.String", "width":64, "concept":"Alt Cat Number", "sptable":"collectionobject", "sptabletitle":"Collection Object", "spfld":"altCatalogNumber", "spfldtitle":"altCatalogNumber", "colidx":1, "advancedsearch":"true", "displaycolidx":1},
{"colname":"Determinations", "solrname":"de", "solrtype":"string", "title":"Determinations", "type":"java.lang.String", "width":500, "concept":"Determinations", "sptable":"determination", "sptabletitle":"Determination", "spfld":"determinations", "spfldtitle":"determinations", "colidx":2, "advancedsearch":"true", "displaycolidx":2},
{"colname":"Phylum", "solrname":"ph", "solrtype":"string", "title":"Phylum", "type":"java.lang.String", "width":64, "concept":"Phylum", "sptable":"taxon", "sptabletitle":"Taxon", "spfld":"Phylum", "spfldtitle":"Phylum", "treeid":"taxon", "treerank":30, "colidx":3, "advancedsearch":"true", "displaycolidx":3},
{"colname":"Class", "solrname":"cl", "solrtype":"string", "title":"Class", "type":"java.lang.String", "width":64, "concept":"Class", "sptable":"taxon", "sptabletitle":"Taxon", "spfld":"Class", "spfldtitle":"Class", "treeid":"taxon", "treerank":60, "colidx":4, "advancedsearch":"true", "displaycolidx":4},
{"colname":"Order", "solrname":"or", "solrtype":"string", "title":"Order", "type":"java.lang.String", "width":64, "concept":"Order", "sptable":"taxon", "sptabletitle":"Taxon", "spfld":"Order", "spfldtitle":"Order", "treeid":"taxon", "treerank":100, "colidx":5, "advancedsearch":"true", "displaycolidx":5},
{"colname":"Family", "solrname":"fa", "solrtype":"string", "title":"Family", "type":"java.lang.String", "width":64, "concept":"Family", "sptable":"taxon", "sptabletitle":"Taxon", "spfld":"Family", "spfldtitle":"Family", "treeid":"taxon", "treerank":140, "colidx":6, "advancedsearch":"true", "displaycolidx":6},
{"colname":"Genus", "solrname":"ge", "solrtype":"string", "title":"Genus", "type":"java.lang.String", "width":64, "concept":"Genus", "sptable":"taxon", "sptabletitle":"Taxon", "spfld":"Genus", "spfldtitle":"Genus", "treeid":"taxon", "treerank":180, "colidx":7, "advancedsearch":"true", "displaycolidx":7},
{"colname":"Genus + Species", "solrname":"fn", "solrtype":"string", "title":"Genus + Species", "type":"java.lang.String", "width":255, "concept":"Genus + Species", "sptable":"taxon", "sptabletitle":"Taxon", "spfld":"fullName", "spfldtitle":"fullName", "colidx":8, "advancedsearch":"true", "displaycolidx":8},
{"colname":"Author + Year", "solrname":"au", "solrtype":"string", "title":"Author + Year", "type":"java.lang.String", "width":128, "concept":"Author + Year", "sptable":"taxon", "sptabletitle":"Taxon", "spfld":"author", "spfldtitle":"author", "colidx":9, "advancedsearch":"true", "displaycolidx":9},
{"colname":"Country", "solrname":"co", "solrtype":"string", "title":"Country", "type":"java.lang.String", "width":64, "concept":"Country", "sptable":"geography", "sptabletitle":"Geography", "spfld":"Country", "spfldtitle":"Country", "treeid":"geography", "treerank":200, "colidx":10, "advancedsearch":"true", "displaycolidx":10},
{"colname":"State", "solrname":"st", "solrtype":"string", "title":"State", "type":"java.lang.String", "width":64, "concept":"State", "sptable":"geography", "sptabletitle":"Geography", "spfld":"State", "spfldtitle":"State", "treeid":"geography", "treerank":300, "colidx":11, "advancedsearch":"true", "displaycolidx":11},
{"colname":"Locality Name", "solrname":"ln", "solrtype":"string", "title":"Locality Name", "type":"java.lang.String", "width":255, "concept":"Locality Name", "sptable":"locality", "sptabletitle":"Locality", "spfld":"localityName", "spfldtitle":"localityName", "colidx":12, "advancedsearch":"true", "displaycolidx":12},
{"colname":"Min Depth", "solrname":"t1", "solrtype":"string", "title":"Min Depth", "type":"text", "width":65535, "concept":"Min Depth", "sptable":"collectingeventattribute", "sptabletitle":"Collecting Event Attribute", "spfld":"text1", "spfldtitle":"text1", "colidx":13, "advancedsearch":"true", "displaycolidx":13},
{"colname":"Max Depth", "solrname":"t2", "solrtype":"string", "title":"Max Depth", "type":"text", "width":65535, "concept":"Max Depth", "sptable":"collectingeventattribute", "sptabletitle":"Collecting Event Attribute", "spfld":"text2", "spfldtitle":"text2", "colidx":14, "advancedsearch":"true", "displaycolidx":14},
{"colname":"Field Number", "solrname":"sf", "solrtype":"string", "title":"Field Number", "type":"java.lang.String", "width":50, "concept":"Field Number", "sptable":"collectingevent", "sptabletitle":"Collecting Event", "spfld":"stationFieldNumber", "spfldtitle":"stationFieldNumber", "colidx":15, "advancedsearch":"true", "displaycolidx":15},
{"colname":"Collection Date", "solrname":"vd", "solrtype":"string", "title":"Collection Date", "type":"java.lang.String", "width":50, "concept":"Collection Date", "sptable":"collectingevent", "sptabletitle":"Collecting Event", "spfld":"verbatimDate", "spfldtitle":"verbatimDate", "colidx":16, "advancedsearch":"true", "displaycolidx":16},
{"colname":"Collection Year", "solrname":"sd", "solrtype":"int", "title":"Collection Year", "type":"java.util.Calendar", "width":-1, "concept":"Collection Year", "sptable":"collectingevent", "sptabletitle":"Collecting Event", "spfld":"startDate", "spfldtitle":"startDate", "colidx":17, "advancedsearch":"true", "displaycolidx":17},
{"colname":"img", "solrname":"img", "solrtype":"string", "title":"image"}
]
