[
{"colname":"spid", "solrname":"spid", "solrtype":"int"},
{"colname":"Catalog Number", "solrname":"cn", "solrtype":"int", "title":"Catalog Number", "type":"java.lang.String", "width":32, "concept":"Catalog Number", "sptable":"collectionobject", "sptabletitle":"Collection Object", "spfld":"catalogNumber", "spfldtitle":"catalogNumber", "colidx":0, "advancedsearch":"true", "displaycolidx":0},
{"colname":"Determinations", "solrname":"de", "solrtype":"string", "title":"Determinations", "type":"java.lang.String", "width":500, "concept":"Determinations", "sptable":"determination", "sptabletitle":"Determination", "spfld":"determinations", "spfldtitle":"determinations", "colidx":1, "advancedsearch":"true", "displaycolidx":1},
{"colname":"Preparations", "solrname":"pr", "solrtype":"string", "title":"Preparations", "type":"java.lang.String", "width":500, "concept":"Preparations", "sptable":"preparation", "sptabletitle":"Preparation", "spfld":"preparations", "spfldtitle":"preparations", "colidx":2, "advancedsearch":"true", "displaycolidx":2},
{"colname":"Collectors", "solrname":"co", "solrtype":"string", "title":"Collectors", "type":"java.lang.String", "width":500, "concept":"Collectors", "sptable":"collector", "sptabletitle":"Collector", "spfld":"collectors", "spfldtitle":"collectors", "colidx":3, "advancedsearch":"true", "displaycolidx":3},
{"colname":"startDate (Year)", "solrname":"sd", "solrtype":"int", "title":"startDate (Year)", "type":"java.util.Calendar", "width":-1, "concept":"startDate (Year)", "sptable":"collectingevent", "sptabletitle":"Collecting Event", "spfld":"startDate", "spfldtitle":"startDate", "colidx":4, "advancedsearch":"true", "displaycolidx":4},
{"colname":"Phylum", "solrname":"ph", "solrtype":"string", "title":"Phylum", "type":"java.lang.String", "width":64, "concept":"Phylum", "sptable":"taxon", "sptabletitle":"Taxon", "spfld":"Phylum", "spfldtitle":"Phylum", "treeid":"taxon", "treerank":30, "colidx":5, "advancedsearch":"true", "displaycolidx":5},
{"colname":"Class", "solrname":"cl", "solrtype":"string", "title":"Class", "type":"java.lang.String", "width":64, "concept":"Class", "sptable":"taxon", "sptabletitle":"Taxon", "spfld":"Class", "spfldtitle":"Class", "treeid":"taxon", "treerank":60, "colidx":6, "advancedsearch":"true", "displaycolidx":6},
{"colname":"Order", "solrname":"or", "solrtype":"string", "title":"Order", "type":"java.lang.String", "width":64, "concept":"Order", "sptable":"taxon", "sptabletitle":"Taxon", "spfld":"Order", "spfldtitle":"Order", "treeid":"taxon", "treerank":100, "colidx":7, "advancedsearch":"true", "displaycolidx":7},
{"colname":"Family", "solrname":"fa", "solrtype":"string", "title":"Family", "type":"java.lang.String", "width":64, "concept":"Family", "sptable":"taxon", "sptabletitle":"Taxon", "spfld":"Family", "spfldtitle":"Family", "treeid":"taxon", "treerank":140, "colidx":8, "advancedsearch":"true", "displaycolidx":8},
{"colname":"Genus", "solrname":"ge", "solrtype":"string", "title":"Genus", "type":"java.lang.String", "width":64, "concept":"Genus", "sptable":"taxon", "sptabletitle":"Taxon", "spfld":"Genus", "spfldtitle":"Genus", "treeid":"taxon", "treerank":180, "colidx":9, "advancedsearch":"true", "displaycolidx":9},
{"colname":"Species", "solrname":"sp", "solrtype":"string", "title":"Species", "type":"java.lang.String", "width":64, "concept":"Species", "sptable":"taxon", "sptabletitle":"Taxon", "spfld":"Species", "spfldtitle":"Species", "treeid":"taxon", "treerank":220, "colidx":10, "advancedsearch":"true", "displaycolidx":10},
{"colname":"Country", "solrname":"co1", "solrtype":"string", "title":"Country", "type":"java.lang.String", "width":64, "concept":"Country", "sptable":"geography", "sptabletitle":"Geography", "spfld":"Country", "spfldtitle":"Country", "treeid":"geography", "treerank":200, "colidx":11, "advancedsearch":"true", "displaycolidx":11},
{"colname":"Latitude", "solrname":"l1", "solrtype":"tdouble", "title":"Latitude", "type":"java.math.BigDecimal", "width":-1, "concept":"Latitude", "sptable":"locality", "sptabletitle":"Locality", "spfld":"latitude1", "spfldtitle":"latitude1", "colidx":12, "advancedsearch":"true", "displaycolidx":12},
{"colname":"Longitude", "solrname":"l11", "solrtype":"tdouble", "title":"Longitude", "type":"java.math.BigDecimal", "width":-1, "concept":"Longitude", "sptable":"locality", "sptabletitle":"Locality", "spfld":"longitude1", "spfldtitle":"longitude1", "colidx":13, "advancedsearch":"true", "displaycolidx":13},
{"colname":"img", "solrname":"img", "solrtype":"string", "title":"image"}
]
