[
{"colname":"spid", "solrname":"spid", "solrtype":"int"},
{"colname":"1_catalogNumber", "solrname":"cn", "solrtype":"int", "title":"catalogNumber", "type":"java.lang.String", "width":32, "sptable":"collectionobject", "sptabletitle":"Collection Object", "spfld":"catalogNumber", "spfldtitle":"catalogNumber", "colidx":0, "advancedsearch":"true", "displaycolidx":0},
{"colname":"9_determinations", "solrname":"de", "solrtype":"string", "title":"determinations", "type":"java.lang.String", "width":500, "sptable":"determination", "sptabletitle":"Determination", "spfld":"determinations", "spfldtitle":"determinations", "colidx":1, "advancedsearch":"true", "displaycolidx":1},
{"colname":"63_preparations", "solrname":"pr", "solrtype":"string", "title":"preparations", "type":"java.lang.String", "width":500, "sptable":"preparation", "sptabletitle":"Preparation", "spfld":"preparations", "spfldtitle":"preparations", "colidx":2, "advancedsearch":"true", "displaycolidx":2},
{"colname":"30_collectors", "solrname":"co", "solrtype":"string", "title":"collectors", "type":"java.lang.String", "width":500, "sptable":"collector", "sptabletitle":"Collector", "spfld":"collectors", "spfldtitle":"collectors", "colidx":3, "advancedsearch":"true", "displaycolidx":3},
{"colname":"10_startDate", "solrname":"sd", "solrtype":"int", "title":"startDate", "type":"java.util.Calendar", "width":-1, "sptable":"collectingevent", "sptabletitle":"Collecting Event", "spfld":"startDate", "spfldtitle":"startDate", "colidx":4, "advancedsearch":"true", "displaycolidx":4},
{"colname":"10_startDate", "solrname":"sd1", "solrtype":"string", "title":"startDate", "type":"java.util.Calendar", "width":-1, "sptable":"collectingevent", "sptabletitle":"Collecting Event", "spfld":"startDate", "spfldtitle":"startDate", "colidx":5, "advancedsearch":"true", "displaycolidx":5},
{"colname":"4_Phylum", "solrname":"ph", "solrtype":"string", "title":"Phylum", "type":"java.lang.String", "width":64, "sptable":"taxon", "sptabletitle":"Taxon", "spfld":"Phylum", "spfldtitle":"Phylum", "treeid":"taxon", "treerank":30, "colidx":6, "advancedsearch":"true", "displaycolidx":6},
{"colname":"4_Class", "solrname":"cl", "solrtype":"string", "title":"Class", "type":"java.lang.String", "width":64, "sptable":"taxon", "sptabletitle":"Taxon", "spfld":"Class", "spfldtitle":"Class", "treeid":"taxon", "treerank":60, "colidx":7, "advancedsearch":"true", "displaycolidx":7},
{"colname":"4_Order", "solrname":"or", "solrtype":"string", "title":"Order", "type":"java.lang.String", "width":64, "sptable":"taxon", "sptabletitle":"Taxon", "spfld":"Order", "spfldtitle":"Order", "treeid":"taxon", "treerank":100, "colidx":8, "advancedsearch":"true", "displaycolidx":8},
{"colname":"4_Family", "solrname":"fa", "solrtype":"string", "title":"Family", "type":"java.lang.String", "width":64, "sptable":"taxon", "sptabletitle":"Taxon", "spfld":"Family", "spfldtitle":"Family", "treeid":"taxon", "treerank":140, "colidx":9, "advancedsearch":"true", "displaycolidx":9},
{"colname":"4_Genus", "solrname":"ge", "solrtype":"string", "title":"Genus", "type":"java.lang.String", "width":64, "sptable":"taxon", "sptabletitle":"Taxon", "spfld":"Genus", "spfldtitle":"Genus", "treeid":"taxon", "treerank":180, "colidx":10, "advancedsearch":"true", "displaycolidx":10},
{"colname":"4_Species", "solrname":"sp", "solrtype":"string", "title":"Species", "type":"java.lang.String", "width":64, "sptable":"taxon", "sptabletitle":"Taxon", "spfld":"Species", "spfldtitle":"Species", "treeid":"taxon", "treerank":220, "colidx":11, "advancedsearch":"true", "displaycolidx":11},
{"colname":"3_Country", "solrname":"co1", "solrtype":"string", "title":"Country", "type":"java.lang.String", "width":64, "sptable":"geography", "sptabletitle":"Geography", "spfld":"Country", "spfldtitle":"Country", "treeid":"geography", "treerank":200, "colidx":12, "advancedsearch":"true", "displaycolidx":12},
{"colname":"2_latitude1", "solrname":"l1", "solrtype":"tdouble", "title":"latitude1", "type":"java.math.BigDecimal", "width":-1, "sptable":"locality", "sptabletitle":"Locality", "spfld":"latitude1", "spfldtitle":"latitude1", "colidx":13, "advancedsearch":"true", "displaycolidx":13},
{"colname":"2_longitude1", "solrname":"l11", "solrtype":"tdouble", "title":"longitude1", "type":"java.math.BigDecimal", "width":-1, "sptable":"locality", "sptabletitle":"Locality", "spfld":"longitude1", "spfldtitle":"longitude1", "colidx":14, "advancedsearch":"true", "displaycolidx":14},
{"colname":"img", "solrname":"img", "solrtype":"string", "title":"image"}
]
