[
{"colname":"spid", "solrname":"spid", "solrtype":"int"},
{"colname":"Catalog Number", "solrname":"cn", "solrtype":"int", "title":"Catalog Number", "type":"java.lang.String", "width":32, "concept":"Catalog Number", "sptable":"collectionobject", "sptabletitle":"Collection Object", "spfld":"catalogNumber", "spfldtitle":"catalogNumber", "colidx":0, "advancedsearch":"true", "displaycolidx":0},
{"colname":"Determinations", "solrname":"de", "solrtype":"string", "title":"Determinations", "type":"java.lang.String", "width":500, "concept":"Determinations", "sptable":"determination", "sptabletitle":"Determination", "spfld":"determinations", "spfldtitle":"determinations", "colidx":1, "advancedsearch":"true", "displaycolidx":1},
{"colname":"Family", "solrname":"fa", "solrtype":"string", "title":"Family", "type":"java.lang.String", "width":64, "concept":"Family", "sptable":"taxon", "sptabletitle":"Taxon", "spfld":"Family", "spfldtitle":"Family", "treeid":"taxon", "treerank":140, "colidx":2, "advancedsearch":"true", "displaycolidx":2},
{"colname":"Genus", "solrname":"ge", "solrtype":"string", "title":"Genus", "type":"java.lang.String", "width":64, "concept":"Genus", "sptable":"taxon", "sptabletitle":"Taxon", "spfld":"Genus", "spfldtitle":"Genus", "treeid":"taxon", "treerank":180, "colidx":3, "advancedsearch":"true", "displaycolidx":3},
{"colname":"Species", "solrname":"sp", "solrtype":"string", "title":"Species", "type":"java.lang.String", "width":64, "concept":"Species", "sptable":"taxon", "sptabletitle":"Taxon", "spfld":"Species", "spfldtitle":"Species", "treeid":"taxon", "treerank":220, "colidx":4, "advancedsearch":"true", "displaycolidx":4},
{"colname":"Continent", "solrname":"co", "solrtype":"string", "title":"Continent", "type":"java.lang.String", "width":64, "concept":"Continent", "sptable":"geography", "sptabletitle":"Geography", "spfld":"Continent", "spfldtitle":"Continent", "treeid":"geography", "treerank":100, "colidx":5, "advancedsearch":"true", "displaycolidx":5},
{"colname":"Country", "solrname":"co1", "solrtype":"string", "title":"Country", "type":"java.lang.String", "width":64, "concept":"Country", "sptable":"geography", "sptabletitle":"Geography", "spfld":"Country", "spfldtitle":"Country", "treeid":"geography", "treerank":200, "colidx":6, "advancedsearch":"true", "displaycolidx":6},
{"colname":"State", "solrname":"st", "solrtype":"string", "title":"State", "type":"java.lang.String", "width":64, "concept":"State", "sptable":"geography", "sptabletitle":"Geography", "spfld":"State", "spfldtitle":"State", "treeid":"geography", "treerank":300, "colidx":7, "advancedsearch":"true", "displaycolidx":7},
{"colname":"County", "solrname":"co2", "solrtype":"string", "title":"County", "type":"java.lang.String", "width":64, "concept":"County", "sptable":"geography", "sptabletitle":"Geography", "spfld":"County", "spfldtitle":"County", "treeid":"geography", "treerank":400, "colidx":8, "advancedsearch":"true", "displaycolidx":8},
{"colname":"Locality Name", "solrname":"ln", "solrtype":"string", "title":"Locality Name", "type":"java.lang.String", "width":255, "concept":"Locality Name", "sptable":"locality", "sptabletitle":"Locality", "spfld":"localityName", "spfldtitle":"localityName", "colidx":9, "advancedsearch":"true", "displaycolidx":9},
{"colname":"Max Depth", "solrname":"t2", "solrtype":"string", "title":"Max Depth", "type":"text", "width":65535, "concept":"Max Depth", "sptable":"collectingeventattribute", "sptabletitle":"Collecting Event Attribute", "spfld":"text2", "spfldtitle":"text2", "colidx":10, "advancedsearch":"true", "displaycolidx":10},
{"colname":"Min Depth", "solrname":"t1", "solrtype":"string", "title":"Min Depth", "type":"text", "width":65535, "concept":"Min Depth", "sptable":"collectingeventattribute", "sptabletitle":"Collecting Event Attribute", "spfld":"text1", "spfldtitle":"text1", "colidx":11, "advancedsearch":"true", "displaycolidx":11},
{"colname":"Field Number", "solrname":"sf", "solrtype":"string", "title":"Field Number", "type":"java.lang.String", "width":50, "concept":"Field Number", "sptable":"collectingevent", "sptabletitle":"Collecting Event", "spfld":"stationFieldNumber", "spfldtitle":"stationFieldNumber", "colidx":12, "advancedsearch":"true", "displaycolidx":12},
{"colname":"Verbatim Date", "solrname":"vd", "solrtype":"string", "title":"Verbatim Date", "type":"java.lang.String", "width":50, "concept":"Verbatim Date", "sptable":"collectingevent", "sptabletitle":"Collecting Event", "spfld":"verbatimDate", "spfldtitle":"verbatimDate", "colidx":13, "advancedsearch":"true", "displaycolidx":13},
{"colname":"Start Date", "solrname":"sd", "solrtype":"string", "title":"Start Date", "type":"java.util.Calendar", "width":-1, "concept":"Start Date", "sptable":"collectingevent", "sptabletitle":"Collecting Event", "spfld":"startDate", "spfldtitle":"startDate", "colidx":14, "advancedsearch":"true", "displaycolidx":14},
{"colname":"Start Date (Day)", "solrname":"sd1", "solrtype":"int", "title":"Start Date (Day)", "type":"java.util.Calendar", "width":-1, "concept":"Start Date (Day)", "sptable":"collectingevent", "sptabletitle":"Collecting Event", "spfld":"startDate", "spfldtitle":"startDate", "colidx":15, "advancedsearch":"true", "displaycolidx":15},
{"colname":"Start Date (Month)", "solrname":"sd2", "solrtype":"int", "title":"Start Date (Month)", "type":"java.util.Calendar", "width":-1, "concept":"Start Date (Month)", "sptable":"collectingevent", "sptabletitle":"Collecting Event", "spfld":"startDate", "spfldtitle":"startDate", "colidx":16, "advancedsearch":"true", "displaycolidx":16},
{"colname":"Start Date (Year)", "solrname":"sd3", "solrtype":"int", "title":"Start Date (Year)", "type":"java.util.Calendar", "width":-1, "concept":"Start Date (Year)", "sptable":"collectingevent", "sptabletitle":"Collecting Event", "spfld":"startDate", "spfldtitle":"startDate", "colidx":17, "advancedsearch":"true", "displaycolidx":17},
{"colname":"img", "solrname":"img", "solrtype":"string", "title":"image"}
]
