<!-- solr field definitions for fishvouchers-updated web portal -->
<!-- Paste the contents of this file into the solr/conf/schema.xml file. -->
<field name="spid" type="string" indexed="true" stored="true" required="true"/>
<field name="cs" type="string" indexed="true" stored="false" required="true"/>
<field name="contents" type="string" indexed="false" stored="true" required="true"/>
<field name="img" type="string" indexed="true" stored="true" required="false"/>
<field name="geoc" type="string" indexed="true" stored="true" required="false"/>
<field name="cn" type="int" indexed="true" stored="true" required="false"/>
<field name="ac" type="string" indexed="true" stored="true" required="false"/>
<field name="de" type="string" indexed="true" stored="true" required="false"/>
<field name="ph" type="string" indexed="true" stored="true" required="false"/>
<field name="cl" type="string" indexed="true" stored="true" required="false"/>
<field name="or" type="string" indexed="true" stored="true" required="false"/>
<field name="fa" type="string" indexed="true" stored="true" required="false"/>
<field name="ge" type="string" indexed="true" stored="true" required="false"/>
<field name="fn" type="string" indexed="true" stored="true" required="false"/>
<field name="au" type="string" indexed="true" stored="true" required="false"/>
<field name="co" type="string" indexed="true" stored="true" required="false"/>
<field name="st" type="string" indexed="true" stored="true" required="false"/>
<field name="ln" type="string" indexed="true" stored="true" required="false"/>
<field name="t1" type="string" indexed="true" stored="true" required="false"/>
<field name="t2" type="string" indexed="true" stored="true" required="false"/>
<field name="sf" type="string" indexed="true" stored="true" required="false"/>
<field name="vd" type="string" indexed="true" stored="true" required="false"/>
<field name="sd" type="int" indexed="true" stored="true" required="false"/>
