[
{"colname":"spid", "solrname":"spid", "solrtype":"int"},
{"colname":"Catalog Number", "solrname":"cn", "solrtype":"string", "title":"Catalog Number", "type":"java.lang.String", "width":32, "concept":"Catalog Number", "sptable":"collectionobject", "sptabletitle":"Collection Object", "spfld":"catalogNumber", "spfldtitle":"catalogNumber", "colidx":0, "advancedsearch":"true", "displaycolidx":0},
{"colname":"Determinations", "solrname":"de", "solrtype":"string", "title":"Determinations", "type":"java.lang.String", "width":500, "concept":"Determinations", "sptable":"determination", "sptabletitle":"Determination", "spfld":"determinations", "spfldtitle":"determinations", "colidx":1, "advancedsearch":"true", "displaycolidx":1},
{"colname":"Class", "solrname":"cl", "solrtype":"string", "title":"Class", "type":"java.lang.String", "width":64, "concept":"Class", "sptable":"taxon", "sptabletitle":"Taxon", "spfld":"Class", "spfldtitle":"Class", "treeid":"taxon", "treerank":60, "colidx":2, "advancedsearch":"true", "displaycolidx":2},
{"colname":"Order", "solrname":"or", "solrtype":"string", "title":"Order", "type":"java.lang.String", "width":64, "concept":"Order", "sptable":"taxon", "sptabletitle":"Taxon", "spfld":"Order", "spfldtitle":"Order", "treeid":"taxon", "treerank":100, "colidx":3, "advancedsearch":"true", "displaycolidx":3},
{"colname":"Family", "solrname":"fa", "solrtype":"string", "title":"Family", "type":"java.lang.String", "width":64, "concept":"Family", "sptable":"taxon", "sptabletitle":"Taxon", "spfld":"Family", "spfldtitle":"Family", "treeid":"taxon", "treerank":140, "colidx":4, "advancedsearch":"true", "displaycolidx":4},
{"colname":"Genus", "solrname":"ge", "solrtype":"string", "title":"Genus", "type":"java.lang.String", "width":64, "concept":"Genus", "sptable":"taxon", "sptabletitle":"Taxon", "spfld":"Genus", "spfldtitle":"Genus", "treeid":"taxon", "treerank":180, "colidx":5, "advancedsearch":"true", "displaycolidx":5},
{"colname":"Genus + Species", "solrname":"fn", "solrtype":"string", "title":"Genus + Species", "type":"java.lang.String", "width":255, "concept":"Genus + Species", "sptable":"taxon", "sptabletitle":"Taxon", "spfld":"fullName", "spfldtitle":"fullName", "colidx":6, "advancedsearch":"true", "displaycolidx":6},
{"colname":"Farmer Fish Species", "solrname":"vl", "solrtype":"string", "title":"Farmer Fish Species", "type":"text", "width":2048, "concept":"Farmer Fish Species", "sptable":"collectingevent", "sptabletitle":"Collecting Information", "spfld":"verbatimLocality", "spfldtitle":"verbatimLocality", "colidx":7, "advancedsearch":"true", "displaycolidx":7},
{"colname":"Country", "solrname":"co", "solrtype":"string", "title":"Country", "type":"java.lang.String", "width":64, "concept":"Country", "sptable":"geography", "sptabletitle":"Geography", "spfld":"Country", "spfldtitle":"Country", "treeid":"geography", "treerank":200, "colidx":8, "advancedsearch":"true", "displaycolidx":8},
{"colname":"State", "solrname":"st", "solrtype":"string", "title":"State", "type":"java.lang.String", "width":64, "concept":"State", "sptable":"geography", "sptabletitle":"Geography", "spfld":"State", "spfldtitle":"State", "treeid":"geography", "treerank":300, "colidx":9, "advancedsearch":"true", "displaycolidx":9},
{"colname":"Locality Name", "solrname":"ln", "solrtype":"string", "title":"Locality Name", "type":"java.lang.String", "width":255, "concept":"Locality Name", "sptable":"locality", "sptabletitle":"Locality", "spfld":"localityName", "spfldtitle":"localityName", "colidx":10, "advancedsearch":"true", "displaycolidx":10},
{"colname":"Collection Date", "solrname":"sd", "solrtype":"string", "title":"Collection Date", "type":"java.util.Calendar", "width":-1, "concept":"Collection Date", "sptable":"collectingevent", "sptabletitle":"Collecting Information", "spfld":"startDate", "spfldtitle":"startDate", "colidx":11, "advancedsearch":"true", "displaycolidx":11},
{"colname":"Collection Year", "solrname":"sd1", "solrtype":"int", "title":"Collection Year", "type":"java.util.Calendar", "width":-1, "concept":"Collection Year", "sptable":"collectingevent", "sptabletitle":"Collecting Information", "spfld":"startDate", "spfldtitle":"startDate", "colidx":12, "advancedsearch":"true", "displaycolidx":12},
{"colname":"Depth", "solrname":"vd", "solrtype":"string", "title":"Depth", "type":"java.lang.String", "width":50, "concept":"Depth", "sptable":"collectingevent", "sptabletitle":"Collecting Information", "spfld":"verbatimDate", "spfldtitle":"verbatimDate", "colidx":13, "advancedsearch":"true", "displaycolidx":13},
{"colname":"img", "solrname":"img", "solrtype":"string", "title":"image"}
]
