[
{"colname":"spid", "solrname":"spid", "solrtype":"int"},
{"colname":"Catalog Number", "solrname":"cn", "solrtype":"string", "title":"Catalog Number", "type":"java.lang.String", "width":32, "concept":"Catalog Number", "sptable":"collectionobject", "sptabletitle":"Collection Object", "spfld":"catalogNumber", "spfldtitle":"catalogNumber", "colidx":0, "advancedsearch":"true", "displaycolidx":0},
{"colname":"Determinations", "solrname":"de", "solrtype":"string", "title":"Determinations", "type":"java.lang.String", "width":500, "concept":"Determinations", "sptable":"determination", "sptabletitle":"Determination", "spfld":"determinations", "spfldtitle":"determinations", "colidx":1, "advancedsearch":"true", "displaycolidx":1},
{"colname":"Preparations", "solrname":"pr", "solrtype":"string", "title":"Preparations", "type":"java.lang.String", "width":500, "concept":"Preparations", "sptable":"preparation", "sptabletitle":"Preparation", "spfld":"preparations", "spfldtitle":"preparations", "colidx":2, "advancedsearch":"true", "displaycolidx":2},
{"colname":"Collection Year", "solrname":"sd", "solrtype":"int", "title":"Collection Year", "type":"java.util.Calendar", "width":-1, "concept":"Collection Year", "sptable":"collectingevent", "sptabletitle":"Collecting Information", "spfld":"startDate", "spfldtitle":"startDate", "colidx":3, "advancedsearch":"true", "displaycolidx":3},
{"colname":"Class", "solrname":"cl", "solrtype":"string", "title":"Class", "type":"java.lang.String", "width":64, "concept":"Class", "sptable":"taxon", "sptabletitle":"Taxon", "spfld":"Class", "spfldtitle":"Class", "treeid":"taxon", "treerank":60, "colidx":4, "advancedsearch":"true", "displaycolidx":4},
{"colname":"Order", "solrname":"or", "solrtype":"string", "title":"Order", "type":"java.lang.String", "width":64, "concept":"Order", "sptable":"taxon", "sptabletitle":"Taxon", "spfld":"Order", "spfldtitle":"Order", "treeid":"taxon", "treerank":100, "colidx":5, "advancedsearch":"true", "displaycolidx":5},
{"colname":"Family", "solrname":"fa", "solrtype":"string", "title":"Family", "type":"java.lang.String", "width":64, "concept":"Family", "sptable":"taxon", "sptabletitle":"Taxon", "spfld":"Family", "spfldtitle":"Family", "treeid":"taxon", "treerank":140, "colidx":6, "advancedsearch":"true", "displaycolidx":6},
{"colname":"Genus", "solrname":"ge", "solrtype":"string", "title":"Genus", "type":"java.lang.String", "width":64, "concept":"Genus", "sptable":"taxon", "sptabletitle":"Taxon", "spfld":"Genus", "spfldtitle":"Genus", "treeid":"taxon", "treerank":180, "colidx":7, "advancedsearch":"true", "displaycolidx":7},
{"colname":"Species", "solrname":"sp", "solrtype":"string", "title":"Species", "type":"java.lang.String", "width":64, "concept":"Species", "sptable":"taxon", "sptabletitle":"Taxon", "spfld":"Species", "spfldtitle":"Species", "treeid":"taxon", "treerank":220, "colidx":8, "advancedsearch":"true", "displaycolidx":8},
{"colname":"Country", "solrname":"co", "solrtype":"string", "title":"Country", "type":"java.lang.String", "width":64, "concept":"Country", "sptable":"geography", "sptabletitle":"Geography", "spfld":"Country", "spfldtitle":"Country", "treeid":"geography", "treerank":200, "colidx":9, "advancedsearch":"true", "displaycolidx":9},
{"colname":"img", "solrname":"img", "solrtype":"string", "title":"image"}
]
